Make,Model,Year,Fuel Type,Engine,Transmission,Exterior Color,Interior Color,Drive,Mileage,Condition Grade,Interior Grade,Availability
Toyota,Land Cruiser,2021,Diesel,3300 cc,Automatic,Black,Beige,AWD,10944 Km,,,In Stock
Toyota,Crown,2024,Petrol,2500 cc,Automatic,Black/brown,Black,2WD,"9,000kms Km",4.5,B,In Transit
Toyota,Crown,2023,Petrol,2500 cc,Automatic,Gray,Black,2WD,"3,000KMS Km",4.5,B,In Transit
Mercedes,B,2018,Petrol,1600 cc,Automatic,Silver,Black,2WD,93150 Km,4.5,B,In Transit
Mercedes,Cla,2018,Petrol,1800 cc,Automatic,Black,Black,,93150 Km,,,In Transit
Mercedes,A,2018,Petrol,1800 cc,Automatic,Pearl White,Black,,93150 Km,,,In Transit
Toyota,Fielder,2018,Petrol,1800 cc,Automatic,Pearl White,Black,,93150 Km,,,In Transit
Toyota,Land Cruiser Prado,2018,Petrol,3000 cc,Automatic,Pearl White,Black,,31222 Km,,,In Transit
Toyota,Vitz,2018,Petrol,1000 cc,Automatic,Maroon,Black,2WD,31222 Km,,,In Transit
Toyota,Vitz,2018,Petrol,1000 cc,Automatic,White,Black,2WD,58510 Km,,,In Transit
Toyota,Fielder,2018,Petrol Hybrid,1500 cc,Automatic,Pearl White,Black,,28172 Km,,,In Transit
Toyota,Fielder,2018,Petrol,1800 cc,Automatic,White,Black,2WD,54700 Km,4.5,,In Transit
Toyota,Fielder,2018,Petrol,1500 cc,Automatic,Black,Black,2WD,30600 Km,4,,In Transit
Toyota,Land Cruiser,2021,Diesel,3300 cc,Automatic,Gray,Black,AWD,11670 Km,,,In Stock
Mazda,Cx8,2017,Diesel,2200 cc,Automatic,Gray,Black,,83000 Km,,,In Stock
Subaru,Outback,2017,Petrol,2500 cc,Automatic,Pearl White,Black,2WD,80820 Km,4.5,B,In Stock
Toyota,Land Cruiser Prado,2017,Diesel,2800 cc,Automatic,Black,Black,4WD,62700 Km,4.5,B,In Stock
Toyota,Land Cruiser,2017,Petrol,4700 cc,Automatic,Red,Brown,4WD,33360 Km,4.5,B,In Stock
Bmw,X1,2017,Petrol,2000 cc,Automatic,Pearl White,Gray,2WD,78000 Km,4.5,B,In Stock
Mercedes,Gle Mini,2017,Diesel,3000 cc,Automatic,Black,Black,4WD,43750 Km,4.5,,In Stock
Mercedes,Gle Mini,2017,Diesel,3000 cc,Automatic,Pearl White,Black,2WD,30000 Km,,,In Stock
Bmw,X6 Coupe,2020,Diesel,3000 cc,Automatic,Blue,Beige,4WD,16000 Km,4.5,,In Stock
Toyota,Land Cruiser Sahara,2022,Petrol,3346 cc,Automatic,Black,Black,,33 Km,,,In Stock
Toyota,Land Cruiser Prado,2017,Diesel,,Automatic,Pearl White,Black,,45000 Km,,,In Stock
Volkswagen,Golf,2018,Petrol,1400 cc,Automatic,Blue,Gray,2WD,,4.5,B,In Transit
Mercedes,V220,2023,Diesel,2200 cc,Automatic,Black,Black,2WD,,4.5,B,In Transit
Volkswagen,T Cross Mini,2020,Petrol,1000 cc,Automatic,Pearl White,Gray,2WD,,4.5,B,In Stock
Mercedes,V220,2022,Diesel,2200 cc,Automatic,Black,Black,2WD,,4.5,B,In Transit
Mercedes,V220,2020,Diesel,2200 cc,Automatic,Black,Beige,2WD,,4.5,B,In Transit
Toyota,Land Cruiser,2021,Petrol,3500 cc,Automatic,Gray,Gray,4WD,,4.5,B,In Transit
Toyota,Land Cruiser,2023,Petrol,3500 cc,Automatic,Pearl White,Beige,4WD,,5,A,In Stock
Toyota,Land Cruiser,2024,Diesel,3300 cc,Automatic,Black,Beige,4WD,,6,A,In Stock
Nissan,Xtrail Mini,2017,Petrol,2000 cc,Automatic,Silver,Gray,2WD,,4.5,B,In Transit
Subaru,Legacy,2017,Petrol,2000 cc,Automatic,Silver,Gray,2WD,,4.5,B,In Transit
Subaru,Wrx,2017,Petrol,2000 cc,Automatic,Pearl White,Gray,2WD,,4.5,B,In Transit
Toyota,Land Cruiser,2017,Petrol,4700 cc,Automatic,Pearl White,Brown,4WD,,4.5,B,In Stock
Toyota,Land Cruiser Prado,2017,Petrol,2700 cc,Automatic,Pearl White,Gray,4WD,,4.5,B,In Transit
Toyota,Highlander,2018,Petrol,2000 cc,Automatic,Silver,Gray,2WD,,4.5,B,In Transit
Mazda,Cx,2018,Diesel,2200 cc,Automatic,Red,Gray,2WD,,4.5,B,In Transit
Mazda,Cx,2018,Diesel,2200 cc,Automatic,Gray,Gray,2WD,,4.5,B,In Transit
Mazda,Cx,2018,Petrol,1500 cc,Automatic,Red,Gray,2WD,,4.5,B,In Transit
Mazda,Cx,2018,Petrol,1500 cc,Automatic,Gray,Gray,2WD,,4.5,B,In Transit
Toyota,Land Cruiser,2017,Diesel,2800 cc,Automatic,Pearl White,Black,4WD,,4.5,B,In Stock
Toyota,Crown,2024,Petrol Hybrid,2500 cc,Automatic,Gray,Gray,2WD,,6,A,In Transit
Land,Rover Range Rover,2022,Diesel,3000 cc,Automatic,Gold,Brown,4WD,,6,A,In Stock
Porsche,Cayenne,2018,Petrol,4000 cc,Automatic,Pearl White,Beige,4WD,,4.5,B,In Stock
Toyota,Land Cruiser,2021,Diesel,3300 cc,Automatic,Black,Black/Red,4WD,,5,A,In Transit
Toyota,Vitz,2017,Petrol,1000 cc,Automatic,Gray,Black,FWD,,4.5,B,In Stock
Toyota,Land Cruiser Prado,2022,Diesel,2800 cc,Automatic,Pearl White,Beige,4WD,,4.5,B,In Transit
Toyota,Land Cruiser Prado,2022,Diesel,2800 cc,Automatic,Pearl White,Beige,4WD,,4.5,B,In Transit
Toyota,Land Cruiser Prado,2022,Petrol,2700 cc,Automatic,Pearl White,Beige,4WD,,5,A,In Stock
Toyota,Land Cruiser Prado,2021,Petrol,2700 cc,Automatic,Black,Black,4WD,,4.5,B,In Transit
Toyota,Land Cruiser Prado,2022,Petrol,2700 cc,Automatic,Black,Black,4WD,,4.5,B,In Transit
Porsche,Cayenne,2018,Petrol,3000 cc,Automatic,Pearl White,Gray,4WD,,4.5,B,In Stock
Toyota,Land Cruiser Prado,2017,Diesel,2800 cc,Automatic,Pearl White,Beige,4WD,,4.5,B,In Stock
Toyota,Land Cruiser,2017,Petrol,4700 cc,Automatic,Red,Brown,4WD,,4.5,B,In Transit
Toyota,Land Cruiser Prado,2017,Petrol,2700 cc,Automatic,Pearl White,Beige,4WD,,4.5,B,In Transit
Toyota,Land Cruiser,2021,Diesel,3300 cc,Automatic,Pearl White,Black,4WD,,4.5,B,In Transit
Toyota,Land Cruiser,2021,Diesel,3300 cc,Automatic,Black,Beige,4WD,,5,A,In Transit
Toyota,Land Cruiser,2021,Diesel,3300 cc,Automatic,Black,Beige,4WD,,5,A,In Transit
Toyota,Land Cruiser,2023,Diesel,3300 cc,Automatic,Bronze,Gray,4WD,,5,A,In Transit
Toyota,Land Cruiser,2022,Petrol,3500 cc,Automatic,Gray,Gray,4WD,11608 Km,5,A,In Transit
Lexus,Lx500D,2022,Diesel,3300 cc,Automatic,Pearl White,Orange,4WD,,4.5,B,In Stock
Mercedes,Glc,2017,Petrol,2000 cc,Automatic,Black,Black,2WD,,4.5,B,In Stock
Land,Rover Range Rover,2018,Petrol,3000 cc,Automatic,Black,Beige,4WD,,4.5,B,In Stock
Bmw,X7,2019,Diesel,3000 cc,Automatic,Pearl White,Beige,4WD,29500 Km,4.5,B,In Transit
Lexus,Nx200T,2017,Petrol,2000 cc,Automatic,Pearl White,Orange,2WD,,4.5,B,In Stock
Mercedes,Glc,2017,Diesel,2200 cc,Automatic,Pearl White,Gray,2WD,,4.5,B,In Stock
Lexus,Lx600,2022,Petrol,3500 cc,Automatic,Gray,Jet Red,4WD,4100 Km,5,A,In Stock
Toyota,Land Cruiser,2017,Petrol,4700 cc,Automatic,Pearl White,Beige,4WD,,4.5,B,In Stock
Toyota,Premio,2017,Petrol,2000 cc,Automatic,Silver,Beige,2WD,,4.5,B,In Stock
Toyota,Premio,2018,Petrol,2000 cc,Automatic,Blue,Brown,2WD,,4.5,B,In Stock
Toyota,Land Cruiser Prado,2017,Petrol,2700 cc,Automatic,Brown,Brown,4WD,,4.5,B,In Stock
Lexus,Nx200T Mini,2017,Petrol,2000 cc,Automatic,Pearl White,Beige,2WD,,4.5,B,In Stock
Mazda,Cx,2017,Petrol,2000 cc,Automatic,Gray,Black,2WD,,4.5,B,In Stock
Lexus,Lx600,2023,Petrol,3500 cc,Automatic,Black,Black,4WD,1850 Km,6,A,In Stock
Lexus,Lx,2016,Petrol,5700 cc,Automatic,Pearl White,Beige,4WD,921 Km,4.5,B,In Stock
Lexus,Lx,2016,Petrol,5700 cc,Automatic,Silver,Gray,4WD,,4.5,,In Stock
Mazda,Cx,2017,Petrol,2500 cc,Automatic,Red,Gray,2WD,82700 Km,4.5,B,In Stock
Mazda,Cx,2017,Petrol,2500 cc,Automatic,Gray,Beige,2WD,13600 Km,4.5,B,In Transit
Porsche,Cayenne,2017,Petrol,3600 cc,Automatic,Black,Jet Red,2WD,86780 Km,4.5,B,In Transit
Porsche,Cayenne,2018,Petrol,2900 cc,Automatic,Blue,Gray,2WD,68600 Km,4.5,B,In Stock
Lexus,Rx450H,2017,Petrol Hybrid,3500 cc,Automatic,Pearl White,Beige,2WD,,4.5,B,In Transit
Toyota,4Runner,2017,Petrol Hybrid,1800 cc,Automatic,Silver,Brown,2WD,125850 Km,4.5,B,In Transit
Subaru,Outback,2017,Petrol,2500 cc,Automatic,Blue,Gray,2WD,33300 Km,4.5,B,In Transit
Toyota,4Runner,2017,Petrol,2500 cc,Automatic,Silver,Beige,2WD,45500 Km,4.5,B,In Stock
Toyota,Hilux Pickups,2018,Diesel,2400 cc,Automatic,Black,Brown,2WD,65620 Km,4.5,B,In Transit
Toyota,Hilux Pickups,2017,Diesel,2400 cc,Automatic,Blue,Black,2WD,,4.5,B,In Transit
Toyota,Hilux Pickups,2017,Diesel,2400 cc,Automatic,Black,Black,2WD,59800 Km,4.5,B,In Transit
Nissan,Xtrail Mini,2017,Petrol,2000 cc,Automatic,Pearl White,Gray,2WD,79700 Km,4.5,B,In Transit
Toyota,Hilux Pickups,2018,Diesel,2400 cc,Automatic,Pearl White,Gray,4WD,30755 Km,4.5,B,In Stock
Nissan,Xtrail Mini,2017,Petrol,2000 cc,Automatic,Black,Gray,2WD,42450 Km,4.5,B,In Stock
Volkswagen,Golf Coupe,2017,Petrol,1400 cc,Automatic,Pearl White,Gray,2WD,,4.5,B,In Stock
Toyota,Esquire,2017,Petrol,2000 cc,Automatic,Purple,Gray,2WD,134400 Km,4.5,B,In Stock
Toyota,Land Cruiser,2023,Diesel,3300 cc,Automatic,Gray,Beige,4WD,8475 Km,6,A,In Stock
Lexus,Lx500D,2022,Diesel,3300 cc,Automatic,Gray,Brown,4WD,8425 Km,6,A,In Stock
Toyota,Land Cruiser,2018,Petrol,4600 cc,Automatic,Pearl White,Beige,4WD,10000 Km,5,B,In Stock
Nissan,Xtrail Mini,2017,Petrol Hybrid,2000 cc,Automatic,Green,Black,4WD,,4.5,B,In Stock
Lexus,Lx,2017,Petrol,5700 cc,Automatic,Pearl White,Gray,4WD,61298 Km,4.5,B,In Stock
Lexus,Lx,2017,Petrol,5700 cc,Automatic,Gold,Jet Red,4WD,4000 Km,5,A,In Stock
Bmw,X6 Mini,2017,Petrol,3000 cc,Automatic,Black,Gray,4WD,49428 Km,4.5,B,In Stock
Honda,Cr V Mini,2015,Petrol,2000 cc,Automatic,Pearl White,Gray,2WD,56675 Km,4.5,B,In Stock
Nissan,Xtrail Mini,2017,Petrol,2000 cc,Automatic,Black,Gray,2WD,67720 Km,4.5,B,In Stock
Toyota,Hilux Pickups,2017,Diesel,2400 cc,Automatic,Blue,Gray,2WD,49608 Km,4.5,B,In Stock
Volkswagen,Tiguan Mini,2017,Petrol,1400 cc,Automatic,Black,Gray,2WD,45952 Km,4.5,B,In Stock
Bmw,X6,2017,Petrol,3000 cc,Automatic,Black,Gray,4WD,10873 Km,4.5,B,In Stock
Toyota,Land Cruiser Prado,2017,Petrol,2700 cc,Automatic,Black,Gray,4WD,60858 Km,4.5,B,In Stock
Mazda,Axela,2017,Petrol,1500 cc,Automatic,Brown,Black,FWD,97000kms Km,4.5,B,In Stock
Toyota,Harrier Mini,2017,Petrol,2000 cc,Automatic,Pearl White,Black/Red,2WD,63850 Km,4.5,B,In Stock
Toyota,Hilux Pickups,2018,Diesel,2400 cc,Automatic,Silver,Gray,2WD,8000-kms Km,4.5,B,In Stock
Land,Rover Range Rover Vogue Mini,2017,Petrol,3000 cc,Automatic,White,Beige,4WD,89000kms Km,4.5,B,In Stock
Toyota,Land Cruiser Prado,2017,Diesel,2800 cc,Automatic,Pearl White,Brown,4WD,66000kms Km,4.5,B,In Stock
Toyota,Land Cruiser Prado,2017,Petrol,2700 cc,Automatic,Pearl White,Brown,4WD,89000kms Km,4.5,B,In Stock
Porsche,Cayenne,2018,Petrol,3000 cc,Automatic,Pearl White,Gray,4WD,115000kms Km,4.5,B,In Stock
Lexus,Lx,2018,Petrol,5600 cc,Automatic,Black,Orange,4WD,40000kms Km,4.5,B,In Stock
Subaru,Forester Mini,2016,Petrol,2000 cc,Automatic,Pearl White,Gray,2WD,46030 Km,4.5,B,In Stock
Toyota,Land Cruiser Prado,2017,Petrol,,Automatic,White,Beige,4WD,31000kms Km,4.5,B,In Stock
Porsche,Cayenne S Mini,2018,Petrol,3000 cc,Automatic,Brown,Gray,AWD,22808 Km,4.5,B,In Stock
Range,Rover Vogue,2018,Petrol,3000 cc,Automatic,Pearl White,Brown,4WD,7312 Km,4.5,B,In Stock
Range,Rover Vogue,2022,Diesel,3000 cc,Automatic,Beige,Brown,4WD,3550 Km,5,A,In Transit
Toyota,Land Cruiser Prado,2018,Diesel,2800 cc,Automatic,Black,Black,4WD,33000km Km,4.5,A,In Stock
Porsche,Cayenne Mini,2018,Petrol,3600 cc,Automatic,Brown,Black,4WD,39000-kms Km,4.5,B,Sold
Toyota,Land Cruiser,2021,Diesel,3300 cc,Automatic,Black,Black/Red,4WD,18700km Km,4.5,B,In Stock
Toyota,Rav,2019,Petrol,2000 cc,Automatic,Gray,Black,4WD,44000kms Km,4.5,B,In Stock
Land,Rover Range Rover Velar Mini,2017,Diesel,3000 cc,Automatic,Blue,Blue/Black,4WD,125000kms Km,4.5,B,In Stock
Porsche,Cayenne Mini,2019,Petrol,3000 cc,Automatic,Blue,Black,AWD,8700kms Km,4.5,B,In Stock
Mercedes,S550 Mini,2017,Petrol,4700 cc,Automatic,Black,Black,4WD,128000 Km,4.5,B,In Stock
Toyota,Land Cruiser Prado,2017,Petrol,2700 cc,Automatic,White,Black,4WD,48000kms Km,4.5,B,In Stock
Toyota,Land Cruiser,2021,Diesel,3300 cc,Automatic,Black,Black,4WD,257kms Km,4.5,A,In Stock
Mercedes,,2022,Diesel,2000 cc,Automatic,Pearl White,Gray,2WD,7300 Km,5,A,In Transit
Mercedes,V220,2023,Diesel,2000 cc,Automatic,Black,Beige,2WD,2500 Km,5,A,In Transit
Toyota,Aqua,2017,Petrol Hybrid,1500 cc,Automatic,Silver,Gray,2WD,57000kms Km,4.5,B,In Stock
Toyota,Hilux Pickups,2018,Diesel,2400 cc,Automatic,Blue,Gray,2WD,36800 Km,4.5,B,In Transit
Toyota,Hilux Pickups,2018,Diesel,2400 cc,Automatic,Pearl White,Gray,2WD,54300 Km,4.5,B,In Transit
Toyota,Hilux Pickups,2017,Diesel,2400 cc,Automatic,Blue,Gray,4WD,49000kms Km,4.5,B,In Stock
Toyota,Hilux Pickups,2018,Diesel,2400 cc,Automatic,Pearl White,Gray,2WD,62000kms Km,4.5,B,In Transit
Mazda,Atenza,2017,Diesel,2200 cc,Automatic,Brown,Black,2WD,82000kms Km,4.5,B,In Stock
Lexus,Lx600,2022,Petrol,3500 cc,Automatic,,,,4200 Km,,,In Transit
Lexus,Rx300 Mini,2017,Petrol,3000 cc,Automatic,Pearl White,Beige,2WD,32224 Km,4.5,B,In Transit
Toyota,Probox,2017,Petrol,1500 cc,Automatic,White,Gray,2WD,105000kms Km,4.5,B,In Stock
Toyota,Probox,2017,Petrol,1500 cc,Automatic,White,Gray,2WD,85000kms Km,4.5,B,In Stock
Mazda,Cx,2017,Diesel,2200 cc,Automatic,Red,Black,2WD,74000kms Km,4.5,B,In Stock
Lexus,Lx500D,2022,Diesel,3300 cc,Automatic,Black,Tan,4WD,26000kms Km,4.5,B,In Stock
Toyota,Probox,2017,Petrol,1500 cc,Automatic,White,Gray,2WD,124000kms Km,4.5,B,In Stock
Subaru,Outback Mini,2017,Petrol,2500 cc,Automatic,Royal Blue,Grey/Black,AWD,34000kms Km,4.5,B,In Stock
Toyota,Land Cruiser,2023,Petrol,3500 cc,Automatic,Pearl White,Beige,4WD,4800 Km,5,A,In Transit
Lexus,Lx600,2023,Petrol,3500 cc,Automatic,Black,Black,4WD,9300 Km,6,A,In Stock
Toyota,Land Cruiser,2021,Diesel,3300 cc,Automatic,Green,Beige,4WD,9300 Km,5,A,In Stock
Toyota,Land Cruiser,2021,Diesel,3300 cc,Automatic,Pearl White,Beige,4WD,9600 Km,6,A,In Stock
Audi,Q3 Mini,2017,Petrol,1400 cc,Automatic,YELLOW,Gray,2WD,50980 Km,4.5,B,Sold
Nissan,Xtrail,2017,Petrol,2000 cc,Automatic,Black,Black,2WD,56000kms Km,4.5,B,In Stock
Toyota,Land Cruiser,2022,Petrol,3500 cc,Automatic,Pearl White,Beige,4WD,10000-kms Km,5,A,In Stock
Audi,Q7,2017,Petrol,2000 cc,Automatic,Gray,Beige,2WD,10000-kms Km,4.5,B,In Stock
Toyota,Land Cruiser Sahara,2022,Diesel,3300 cc,Automatic,Black,Black/Red,4WD,26000kms Km,4.5,B,In Stock
Nissan,Patrol,2024,Petrol,5700 cc,Automatic,Pearl White,Tan,4WD,18-kms Km,5,A,In Stock
Toyota,Land Cruiser,2021,Diesel,3300 cc,Automatic,Pearl White,Beige,4WD,14000kms Km,4.5,B,In Stock
Toyota,Land Cruiser,2017,Petrol,4600 cc,Automatic,Royal Blue,Black,4WD,75000kms Km,4.5,C,In Stock
Porsche,Cayenne,2018,Petrol,3000 cc,Automatic,Pearl White,Jet Red,4WD,88500 Km,4.5,B,In Transit
Toyota,Hilux Pickups,2018,Diesel,2400 cc,Automatic,Silver,Gray,2WD,8280 Km,4.5,A,In Transit
Porsche,Cayenne,2018,Petrol,3000 cc,Automatic,Blue,Beige,4WD,78983 Km,4.5,B,In Transit
Toyota,Land Cruiser,2017,Petrol,4700 cc,Automatic,Black,Gray,4WD,128139 Km,4.5,B,In Stock
Audi,Q7,2016,Petrol,3000 cc,Automatic,Pearl White,Brown,4WD,99500 Km,4.5,B,In Stock
Lexus,Lx600,2022,Petrol,3500 cc,Automatic,Pearl White,Maroon,4WD,3600kms Km,4.5,B,In Stock
Lexus,Lx600,2022,Petrol,3500 cc,Automatic,Gray,Maroon,4WD,3000kms Km,5,A,In Transit
Toyota,Land Cruiser,2017,Petrol,4600 cc,Automatic,Pearl White,Black,4WD,57000kms Km,4.5,B,In Stock
Lexus,Lx,2016,Petrol,5700 cc,Automatic,Pearl White,Orange,4WD,10000-kms Km,4.5,B,In Stock
Toyota,Land Cruiser,2017,Petrol,4600 cc,Automatic,Black,Black,4WD,16000kms Km,4.5,B,In Stock
Bmw,X6 Coupe,2016,Petrol,3000 cc,Automatic,Black,2 TONE WHITE-BLACK,AWD,90000kms Km,4.5,B,In Stock
Porsche,Cayenne Mini,2017,Petrol,3600 cc,Automatic,Maroon,Brown,AWD,39000-kms Km,4.5,B,In Stock
Lexus,Lx,2017,Petrol,5700 cc,Automatic,Black,Black,4WD,8000-kms Km,4.5,B,In Stock
Lexus,Lx600,2022,Petrol,3500 cc,Automatic,White,white,4WD,3600-kms Km,4.5,B,In Stock
Mercedes,S400,2016,Petrol,4700 cc,Automatic,Pearl White,Gray,AWD,45000kms Km,4.5,B,In Stock
Toyota,Land Cruiser,2017,Petrol,4700 cc,Automatic,Pearl White,Beige,4WD,100kms Km,4.5,B,In Stock
Toyota,Land Cruiser,2016,Petrol,4700 cc,Automatic,Black,Brown,4WD,100kms Km,4.5,B,In Stock
Toyota,Land Cruiser,2016,Petrol,4700 cc,Automatic,Pearl White,Brown,4WD,100kms Km,4.5,B,In Stock
Toyota,Hilux Pickups,2018,Diesel,2400 cc,Automatic,Black,Black,4WD,37000kms Km,4.5,B,Sold
Toyota,Hilux Pickups,2018,Diesel,2400 cc,Automatic,White,Black,4WD,22000kms Km,4.5,B,Sold
Mercedes,C200,2017,Petrol,1800 cc,Automatic,Silver,Black,RWD,3000kms Km,5,A,In Stock
Toyota,Hilux Pickups,2018,Diesel,2400 cc,Automatic,Black,Black,4WD,38000kms Km,4.5,B,Sold
Lexus,Rx450H,2017,Petrol Hybrid,3500 cc,Automatic,Black,white,AWD,130000kms Km,4.5,B,In Stock
Porsche,Cayenne Gts,2017,Petrol,3600 cc,Automatic,Black,Black,AWD,68000kms Km,4.5,B,In Stock
Bmw,X6 Coupe,2017,Petrol,3000 cc,Automatic,White,Black,AWD,47000kms Km,4.5,B,In Stock
Toyota,Hilux Pickups,2018,Diesel,2400 cc,Automatic,Black,Black,4WD,52000kms Km,4.5,B,Sold
Porsche,Cayenne Mini,2017,Petrol,3600 cc,Automatic,Purple,Gray,,75000kms Km,4.5,B,In Stock
Volkswagen,Tiguan Mini,2017,Petrol,1400 cc,Automatic,Blue,Gray,FWD,48000kms Km,4.5,B,In Transit
Toyota,Land Cruiser Prado,2016,Diesel,2800 cc,Automatic,Pearl White,Brown,4WD,51000kms Km,4.5,B,In Stock
Toyota,Land Cruiser,2022,Petrol,3500 cc,Automatic,Black,Gray,4WD,92kms Km,4.5,B,In Transit
Toyota,Fielder,2017,Petrol,1500 cc,Automatic,Purple,Gray,FWD,53000kms Km,4.5,B,Sold
Lexus,Lx600,2023,Petrol,3500 cc,Automatic,Pearl White,Brown,4WD,3000kms Km,5,A,In Transit
Toyota,Prius,2017,Petrol Hybrid,1800 cc,Automatic,Gray,Silver,FWD,93000kms Km,4.5,B,In Stock
Volkswagen,Tiguan Mini,2017,Petrol,1400 cc,Automatic,Silver,Gray,FWD,54000kms Km,4.5,B,In Transit
Volkswagen,Passat,2016,Petrol,1400 cc,Automatic,Brown,Gray,FWD,33000kms Km,4.5,B,In Stock
Bmw,X5 Mini,2014,Diesel,3000 cc,Automatic,Black,Brown,FWD,62000kms Km,4.5,B,In Stock
Toyota,Harrier Mini,2016,Petrol,,Automatic,Black,Black,FWD,94000kms Km,4.5,B,In Stock
Subaru,Forester Mini,2019,Petrol,2000 cc,Automatic,Blue,Brown,AWD,22000kms Km,4.5,B,In Stock
Toyota,Land Cruiser Prado,2016,Diesel,2800 cc,Automatic,Black,Gray,4WD,71000kms Km,4.5,B,In Stock
Toyota,Fielder,2017,Petrol,1500 cc,Automatic,Black,Black,FWD,65000kms Km,4.5,B,In Stock
Toyota,Harrier Mini,2016,Petrol,2000 cc,Automatic,Pearl White,Multi-pattern,FWD,81000kms Km,4.5,B,In Stock
Audi,Q7,2016,Petrol,3000 cc,Automatic,Pearl White,Beige,4WD,93000kms Km,4.5,B,In Stock
Toyota,Fielder,2016,Petrol Hybrid,1500 cc,Automatic,Pearl White,Black,FWD,154000kms Km,4.5,B,In Stock
Volkswagen,Tiguan Mini,2017,Petrol,1400 cc,Automatic,Black,Black,FWD,33000kms Km,4.5,B,In Transit
Suzuki,Alto,2017,Petrol,650 cc,Automatic,White,Beige,FWD,51000kms Km,4.5,B,In Transit
Suzuki,Alto,2017,Petrol,650 cc,Automatic,Silver,Beige,FWD,40000kms Km,4.5,B,In Transit
Mercedes,S550,2017,Petrol,3000 cc,Automatic,White,Black,RWD,21000kms Km,4.5,B,In Transit
Subaru,Outback Mini,2017,Petrol,2500 cc,Automatic,Gold,Black,AWD,91000kms Km,4.5,B,In Transit
Volkswagen,Tiguan Mini,2017,Petrol,1400 cc,Automatic,White,Black,FWD,63000kms Km,4.5,B,In Transit
Suzuki,Alto,2017,Petrol,650 cc,Automatic,Silver,Beige,FWD,74000kms Km,4.5,B,In Transit
Toyota,Vitz,2017,Petrol,1000 cc,Automatic,Silver,Black,FWD,52000kms Km,4.5,B,In Stock
Toyota,Land Cruiser Prado,2018,Diesel,2800 cc,Automatic,Pearl White,Beige,4WD,66000kms Km,4.5,B,In Stock
Lexus,Nx200T,2017,Petrol,20001 cc,Automatic,Black,Black,FWD,20000kms Km,4.5,B,In Stock
Mercedes,S550,2017,Petrol,4700 cc,Automatic,Silver,Black,RWD,33000kms Km,4.5,B,In Stock
Nissan,Note,2017,Petrol Hybrid,1200 cc,Automatic,White,Black,FWD,53000kms Km,4.5,B,In Stock
Lexus,Lx600,2023,Petrol,3500 cc,Automatic,Pearl White,Brown,4WD,3000kms Km,5,A,In Stock
Lexus,Lx500D,2023,Diesel,3300 cc,Automatic,Black,Maroon,4WD,100kms Km,5,A,In Stock
Toyota,Land Cruiser,2022,Petrol,3500 cc,Automatic,Gray,Black,4WD,16000kms Km,4.5,B,In Stock
Honda,Crv,2019,Petrol Hybrid,2000 cc,Automatic,Black,Gray,4WD,19000kms Km,4.5,B,In Stock
Lexus,Lx570,2016,Petrol,5700 cc,Automatic,Black,Red,4WD,57000kms Km,5,A,In Stock
Lexus,Lx500D,2023,Diesel,3300 cc,Automatic,Pearl White,Black,4WD,4000kms Km,5,A,In Stock
Toyota,Sienta,2017,Petrol,1500 cc,Automatic,Pearl White,Gray,FWD,16000kms Km,4.5,B,In Transit
Peugeot,,2015,Petrol,1200 cc,Automatic,Brown,Brown,FWD,70000kms Km,4.5,B,In Stock
Toyota,Roomy,2017,Petrol,1000 cc,Automatic,Blue,Black,FWD,45000kms Km,4.5,B,In Stock
Nissan,Xtrail,2017,Petrol Hybrid,2000cc cc,Automatic,Black,Gray,AWD,81000kms Km,4.5,B,In Transit
Honda,Fit,2017,Petrol,1300 cc,Automatic,Black,Gray,FWD,52000kms Km,4.5,B,In Transit
Nissan,X Trail,2017,Petrol,,Automatic,Silver,Gray,AWD,36000kms Km,4.5,B,In Transit
Honda,Fit,2017,Petrol,1300 cc,Automatic,Black,Gray,FWD,52000kms Km,4.5,B,In Transit
Audi,Q3,2017,Petrol,1400 cc,Automatic,YELLOW,Gray,FWD,50000kms Km,4.5,B,In Transit
Lexus,Lx,2022,Petrol,3500 cc,Automatic,Black,Brown,4WD,,5,B,In Stock
Toyota,Raize,,,,,,,,,,,
Mercedes,Gle350D,2016,Diesel,3500 cc,Automatic,Pearl White,Black,AWD,57000kms Km,4.5,B,In Stock
Volvo,Xc90,2016,Petrol,2000 cc,Automatic,Gold,Gray,AWD,47000kms Km,4.5,B,In Stock
Toyota,Landcruiser,2023,Diesel,3300cc cc,Automatic,Gray,Black,4WD,7000 Km,5,A,Sold
Porsche,Cayenne,2018,Petrol,3000 cc,Automatic,Black,Beige,AWD,78000kms Km,4.5,B,In Stock
Toyota,Harrier,2020,Petrol,2000cc  cc,Automatic,Gold,Gray,,,5,A,In Stock
Toyota,Fielder,2015,Petrol,1500 - VVT-I cc,Automatic,Silver,Gray,,,4.5,B,In Stock
Mercedes,S400,2015,Petrol,3500cc cc,Automatic,Pearl White,Gray,,,4.5,B,In Stock
Suzuki,Swift,2015,Petrol,1200 cc,Automatic,Green,Gray,,,4.5,B,In Stock
Volks,Wagen Beetle,2015,Petrol,1200cc - TSI cc,Automatic,Black,Gray,,,4.5,B,In Stock
Toyota,Premio,2015,Petrol,1800cc  - Valvematic cc,Automatic,Silver,Gray,,,4.5,B,In Stock
Honda,Crv,2015,Petrol,2000cc  cc,Automatic,Pearl White,Gray,,,4.5,B,In Stock
Suzuki,Alto,2015,Petrol,660cc cc,Automatic,Blue,Beige,,,4.5,B,In Stock
Toyota,Vellfire,2015,Petrol,3500 - V6 cc,Automatic,Pearl White,Gray,,,4.5,B,In Stock
Suzuki,Alto,2015,Petrol,660cc cc,Automatic,Silver,Beige,,,4.5,B,In Stock
Volks,Wagen Beetle,2015,Petrol,1200 - TSI cc,Automatic,Silver,Gray,,,4.5,B,In Stock
Volks,Wagen Beetle,2015,Petrol,1200 cc,Automatic,Pearl White,Beige,,,4.5,B,In Stock
Toyota,Land Cruiser,2016,Petrol,4700cc - V8 cc,Automatic,Pearl White,Beige,4WD,,4.5,B,In Stock
Toyota,Auris,2015,Petrol,1500cc - VVTi cc,Automatic,Pearl White,Gray,,,4.5,B,In Stock
Volks,Wagen Beetle,2015,Petrol,1200cc - TSI cc,Automatic,Red,Gray,,,4.5,B,In Stock
Toyota,Land Cruiser,2019,Petrol,4700cc - V8 cc,Automatic,Gold,Brown,4WD,,4.5,B,In Stock
Mercedes,Ml,2013,Diesel,2000cc TDI cc,Automatic,Silver,Gray,4WD,,4.5,B,In Stock
Mazda,Cx,2014,Petrol,200cc   cc,Automatic,Red,Gray,,,4.5,B,In Stock
Toyota,Voxy,2014,Petrol,2000 cc,Automatic,Black,Gray,,,4.5,B,In Stock
Toyota,Axio,2014,Petrol Hybrid,1500 - VVT-i cc,Automatic,Silver,Gray,,,4.5,B,In Stock
Range,Rover Sports,2014,Diesel,3000 - V6 cc,Automatic,Black,Gray,4WD,,4.5,B,In Stock
Toyota,Prius,2013,Petrol Hybrid,1800 - VVT-I cc,Automatic,Pearl White,Gray,,,4.5,B,In Stock
Toyota,Fielder,2015,Petrol Hybrid,1500 - VVT-I cc,Automatic,Silver,Gray,,,4.5,B,In Stock
Toyota,Fielder,2015,Petrol Hybrid,1500 - VVT-I cc,Automatic,Blue,Gray,,,4.5,B,In Stock
Lexus,Lx,2015,Petrol,5600cc- V8 cc,Automatic,Pearl White,Gray,4WD,,4.5,B,In Stock
Toyota,Axio,2013,Petrol,1500 - VVT-i cc,Automatic,Pearl White,Beige,,,4.5,B,In Stock
Toyota,Vitz,2013,Petrol,1300 - VVT-I cc,Automatic,Pearl White,Beige,,,4.5,B,In Stock
Porsche,Cayenne,2015,Petrol,4800 - V8 cc,Automatic,Pearl White,Gray,,,4.5,B,In Stock
Lexus,Lx,2016,Petrol,5700cc - V8 cc,Automatic,Pearl White,Orange,4WD,,4.5,B,In Stock
Lexus,Lx,2015,Petrol,5600cc- V8 cc,Automatic,Pearl White,Brown,4WD,,4.5,B,In Stock
Toyota,Land Cruiser,2016,Petrol,4600cc - V8 cc,Automatic,Pearl White,Brown,4WD,,4.5,B,In Stock
Toyota,Aqua,2015,Petrol Hybrid,1500 - VVT-i cc,Automatic,Gray,Gray,,,4.5,B,In Stock
Bently,Flying Super,2015,Petrol,4000cc - V8 cc,Automatic,Pearl White,Beige,,,4.5,B,Sold
Toyota,Vitz,2016,Petrol,1300 - VVT-I cc,Automatic,Black,Gray,,,4.5,B,In Transit
Toyota,Axio,2016,Petrol,1500 - VVT-I cc,Automatic,Pearl White,Beige,,,4.5,B,In Stock
Toyota,Fielder,2016,Petrol,1500 - VVT-I cc,Automatic,Pearl White,Gray,,,4.5,B,In Stock
Nissan,Blue Bird,2015,Petrol,2000cc cc,Automatic,Silver,Gray,,,4.5,B,In Stock
Toyota,Auris,2015,Petrol,1500cc - VVTi cc,Automatic,Black,Gray,,,4.5,B,In Stock
Toyota,Axio,2016,Petrol,1500 - VVT-I cc,Automatic,Pearl White,Beige,,,4.5,B,In Stock
Toyota,Rush,2015,Petrol,1500 - VVTI cc,Automatic,Gold,Gray,,,4.5,B,In Stock
Toyota,Rav4,2015,Petrol,2400 - VVTI cc,Automatic,Pearl White,Gray,,,4.5,B,In Stock
Toyota,Allion,2016,Petrol,1500 - VVT-I cc,Automatic,Silver,Beige,,,4.5,B,In Stock
Toyota,Mark X,2016,Petrol,2500 - V6 cc,Automatic,Black,Gray,,,4.5,B,In Stock
Subaru,Impreza,2015,Petrol,1600 cc,Automatic,Pearl White,Gray,,,4.5,B,In Stock
Toyota,Land Cruiser,2016,Petrol,4700cc - V8 cc,Automatic,Pearl White,Brown,4WD,,4.5,B,In Stock
Volks,Wagen Beetle,2015,Petrol,1200 cc,Automatic,Pearl White,Gray,,,4.5,B,In Stock
Lexus,Lx,2016,Petrol,5700cc - V8 cc,Automatic,Gray,Brown,4WD,,4.5,B,In Stock
Volkswagen,Touareg,2015,Petrol,3600cc - V6 cc,Automatic,Blue,Gray,,,4.5,B,In Stock
Volkswagen,Touareg,2015,Petrol,3600cc - V6 cc,Automatic,Pearl White,Brown,,,4.5,B,In Stock
Toyota,Mark X,2015,Petrol,2500 - V6 cc,Automatic,Red,Gray,,,4.5,B,In Stock
Toyota,Land Cruiser Prado,2021,Diesel,2800cc cc,Automatic,Black,Beige,4WD,,4.5,B,In Stock
Toyota,Aqua,2015,Petrol Hybrid,1500 - VVT-i cc,Automatic,Silver,Brown,,,4.5,B,In Stock
Toyota,Land Cruiser Prado,2023,Petrol,2700cc cc,Automatic,Pearl White,Beige,4WD,,5,A,In Stock
Toyota,Rav4,2015,Petrol,2400 - VVTI cc,Automatic,Pearl White,Gray,,,4.5,B,In Stock
Toyota,Land Cruiser Prado,2022,Petrol,2700cc cc,Automatic,Bronze,Beige,4WD,,5,A,Sold
Nissan,Teana,2015,Petrol,2500cc cc,Automatic,Black,Beige,,,4.5,B,In Stock
Toyota,Mark X,2014,Petrol,2500 - V6 cc,Automatic,Pearl White,Brown,,,4.5,B,In Stock
Toyota,Land Cruiser Prado,2016,Petrol,2700cc cc,Automatic,Black,Beige,4WD,,4.5,B,In Stock
Toyota,Fielder,2016,Petrol,1500 - VVT-I cc,Automatic,Orange,Gray,,,4.5,B,In Stock
Porsche,Cayenne,2016,Petrol,3600cc cc,Automatic,Pearl White,Gray,,,4.5,B,In Stock
Volkswagen,Touareg,2015,Petrol,3600cc - V6 cc,Automatic,Pearl White,Gray,,,4.5,B,In Stock
Volkswagen,Touareg,2016,Petrol,3600cc - V6 cc,Automatic,Gold,Gray,,,4.5,B,In Stock
Volkswagen,Touareg,2015,Petrol,3600cc - V6 cc,Automatic,Pearl White,Gray,,,4.5,B,In Stock
Volkswagen,Touareg,2016,Petrol,3600cc - V6 cc,Automatic,Pearl White,Beige,,,4.5,B,In Stock
Volkswagen,Touareg,2015,Petrol,3600cc - V6 cc,Automatic,Pearl White,Beige,,,4.5,B,In Stock
Bmw,X3,2015,Diesel,2000 cc,Automatic,Black,Gray,,,4.5,B,In Stock
Toyota,Land Cruiser Prado,2023,Petrol,2700cc cc,Automatic,Pearl White,Beige,4WD,,5,A,In Stock
Toyota,Land Cruiser Prado,2016,Diesel,2800cc cc,Automatic,Pearl White,Beige,4WD,,4.5,B,In Stock
Toyota,Land Cruiser Prado,2016,Diesel,2800cc cc,Automatic,Gray,Gray,4WD,,4.5,B,In Stock
Porsche,Cayenne,2018,Petrol,3600cc cc,Automatic,Blue,Gray,,,4.5,B,In Stock
Porsche,Cayenne,2016,Petrol,3600cc cc,Automatic,Pearl White,Gray,,,4.5,B,In Stock
Audi,Q7,2016,Petrol,3000cc cc,Automatic,Pearl White,Gray,,,4.5,B,In Stock
Porsche,Cayenne,2018,Petrol,3600cc cc,Automatic,Pearl White,Red,,,4.5,B,In Stock
Bmw,X6,2016,Petrol,4000cc - V8 cc,Automatic,Brown,Beige,,,4.5,B,In Stock
Porsche,Cayenne,2016,Petrol,3600cc cc,Automatic,Pearl White,Gray,,,4.5,B,In Stock
Porsche,Cayenne,2016,Petrol,3600cc cc,Automatic,Pearl White,Gray,,,4.5,B,In Stock
Volkswagen,Touareg,2016,Petrol,3600cc - V6 cc,Automatic,Pearl White,Gray,,,4.5,B,In Stock
Bmw,X6,2016,Petrol,4400cc - V8 cc,Automatic,Pearl White,Red,,,4.5,B,In Stock
Porsche,Macan,2016,Petrol,3000cc cc,Automatic,Gray,Gray,,,4.5,B,In Stock
Toyota,Land Cruiser Prado,2023,Petrol,2800cc cc,Automatic,Black,Gray,4WD,,4.5,B,Sold
Bently,Flying Super,2016,Petrol,4000cc - V8 cc,Automatic,Silver,Beige,,,4.5,B,Sold
Jaguar,F Pace,2016,Petrol,2000 cc,Automatic,Black,Beige,,,4.5,B,Sold
Porsche,Cayenne,2016,Petrol Hybrid,3000cc cc,Automatic,Black,Beige,,,4.5,B,In Stock
Toyota,Harrier,2016,Petrol,2000cc  cc,Automatic,Pearl White,Gray,,,4.5,B,In Stock
Volkswagen,Touareg,2016,Petrol,3600cc - V6 cc,Automatic,Black,Brown,,,4.5,B,In Stock
Jaguar,F Pace,2016,Petrol,2000 cc,Automatic,Blue,Gray,,,4.5,B,Sold
Nissan,Note,2016,Petrol,1200cc cc,Automatic,Pearl White,Gray,,,4.5,B,In Stock
Mercedes,S550,2016,Petrol,4700cc cc,Automatic,Pearl White,Gray,,,4.5,B,In Stock
Bently,Flying Super,2015,Petrol,4000cc - V8 cc,Automatic,Black,Beige,,,4.5,B,Sold
Toyota,Land Cruiser Prado,2019,Diesel,2800cc cc,Automatic,Brown,Gray,4WD,,4.5,B,Sold
Toyota,Raize,2020,Petrol,1000cc VVT-I cc,Automatic,Beige,Gray,,,4.5,B,Sold
Mercedes,E200,2018,Petrol,2000cc cc,Automatic,Pearl White,Gray,,,4.5,B,Sold
Toyota,Fielder,2016,Petrol,1500 - Valvematic cc,Automatic,Black,Gray,,,4.5,B,In Stock
Audi,Q7,2016,Petrol,3000cc cc,Automatic,Pearl White,Brown,,,4.5,B,In Stock
Toyota,Harrier,2016,Petrol,2000cc  cc,Automatic,Black,Gray,,,4.5,B,In Stock
Volkswagen,Golf,2016,Petrol,1400cc  - TSI cc,Automatic,Silver,Gray,,,4.5,B,In Stock
Toyota,Harrier,2016,Petrol,2000cc  cc,Automatic,Pearl White,Beige,,,4.5,B,In Stock
Audi,Q7,2016,Petrol,3000cc cc,Automatic,Pearl White,Brown,,,4.5,B,In Transit
Volkswagen,Passat,2016,Petrol,1400cc TSI cc,Automatic,Brown,Gray,,,4.5,B,In Stock
Ranger,Rover Vogue,2016,Petrol,3000cc  - V6 cc,Automatic,Black,Beige,4WD,,4.5,B,In Stock
Volkswagen,Golf,2016,Petrol,1200cc  - TSI cc,Automatic,Pearl White,Gray,,,4.5,B,In Stock
Lexus,Lx,2016,Petrol,5600cc - V8 cc,Automatic,Silver,Gray,,,4.5,B,In Stock
Nissan,Juke,2016,Petrol,1500 cc,Automatic,Pearl White,Gray,,,4.5,B,In Stock
Toyota,Passo,2016,Petrol,1000 - VVT-I cc,Automatic,Silver,Gray,,,4.5,B,In Stock
Toyota,Probox,2016,Petrol,1500 cc,Automatic,Silver,Gray,,,4.5,B,In Stock
Toyota,Succeed,2016,Petrol,1500 cc,Automatic,Silver,Gray,,,4.5,B,In Stock
Toyota,Harrier,2016,Petrol,2000cc  - Hybrid cc,Automatic,Black,Gray,,,4.5,B,In Stock
Toyota,Probox,2016,Petrol,1300 cc,Automatic,Pearl White,Gray,,,4.5,B,Sold
Toyota,Voxy,2016,Petrol,2000 cc,Automatic,Black,Gray,,,4.5,B,In Stock
Nissan,Juke,2015,Petrol,1500 cc,Automatic,Red,Gray,,,4.5,B,In Stock
Audi,Q7,2016,Petrol,3000cc cc,Automatic,Black,Gray,,,4.5,B,In Stock
Toyota,Harrier,2016,Petrol Hybrid,2000cc  - Hybrid cc,Automatic,Black,Gray,,,4.5,B,In Stock
Bmw,X6,2016,Petrol,3000cc  cc,Automatic,Black,Gray,,,4.5,B,In Stock
Toyota,Land Cruiser,2016,Petrol,4700cc cc,Automatic,Silver,Brown,4WD,,4.5,B,In Stock
Volkswagen,Tiguan,2016,Petrol,1400cc TSI cc,Automatic,Pearl White,Gray,,,4.5,B,In Stock
Mercedes,S550,2016,Petrol,4700cc cc,Automatic,Pearl White,Gray,,,4.5,B,In Stock
Nissan,Patrol,2022,Petrol,5600cc - V8 cc,Automatic,Pearl White,Gray,4WD,,5,A,In Stock
Land,Rover Discovery,2016,Petrol,3000cc  - V6 cc,Automatic,Pearl White,Gray,,,4.5,B,In Stock
Toyota,Vitz,2017,Petrol,1500 - VVT-I cc,Automatic,Black,Black,,,4.5,B,In Stock
Toyota,Porte,2017,Petrol,1500 - VVT-I cc,Automatic,Pearl White,Gray,,,4.5,B,In Stock
Porsche,Cayenne,2016,Petrol,3600cc  - V6 cc,Automatic,Pearl White,Brown,,,4.5,B,In Transit
Audi,Q7,2016,Petrol,3000cc  - V6 cc,Automatic,Pearl White,Gray,,,4.5,B,In Stock
Mercedes,S550,2016,Petrol,4700cc cc,Automatic,Gray,Gray,,,4.5,B,In Transit
Land,Rover Discovery,2016,Petrol,3000cc  - V6 cc,Automatic,Pearl White,Beige,,,4.5,B,In Stock
Toyota,Harrier,2016,Petrol,2000cc  - Valvematic cc,Automatic,Black,Gray,,,4.5,B,In Transit
Toyota,Harrier,2016,Petrol,2000cc  - Valvematic cc,Automatic,Pearl White,Brown,,,4.5,B,Sold
Subaru,Xv,2016,Petrol,2000 cc,Automatic,Khaki,Gray,,,4.5,B,In Transit
Subaru,Xv,2016,Petrol,2000 cc,Automatic,Blue,Gray,,,4.5,B,In Transit
Toyota,Land Cruiser,2017,Petrol,4700cc cc,Automatic,Black,Gray,4WD,,4.5,B,In Transit
Lexus,Rx,2016,Petrol,3500cc cc,Automatic,Pearl White,Beige,,,4.5,B,In Stock
Lexus,Rx200T,2016,Petrol,2000cc cc,Automatic,Black,Gray,,,4.5,B,In Stock
Toyota,Land Cruiser,2023,Petrol,3500 - V6 cc,Automatic,Black,Beige,4WD,,5,A,In Stock
Toyota,Land Cruiser Prado,2017,Diesel,2800cc cc,Automatic,Pearl White,Brown,4WD,,4.5,B,In Transit
Toyota,Land Cruiser Prado,2016,Diesel,2800cc cc,Automatic,Pearl White,Beige,4WD,,4.5,B,In Transit
Toyota,Land Cruiser Prado,2016,Diesel,2800cc cc,Automatic,Pearl White,Brown,4WD,,4.5,B,In Transit
Toyota,Land Cruiser Prado,2017,Petrol,2700cc  - VVT-I cc,Automatic,Pearl White,Gray,4WD,,4.5,B,In Transit
Volvo,Xc90,2016,Petrol,2000 cc,Automatic,Gold,Gray,,,4.5,B,In Transit
Toyota,Land Cruiser,2017,Petrol,4700 - V8 cc,Automatic,Black,Beige,4WD,,4.5,B,In Transit
Toyota,Land Cruiser,2017,Petrol,4700 - V8 cc,Automatic,Pearl White,Brown,4WD,,4.5,B,In Transit
Lexus,Rx,2016,Petrol Hybrid,3500cc cc,Automatic,Black,Brown,,,4.5,B,In Transit
Toyota,Land Cruiser,2017,Petrol,4700 - V8 cc,Automatic,Black,Beige,4WD,,4.5,B,In Transit
Toyota,Land Cruiser,2017,Petrol,4700 - V8 cc,Automatic,Pearl White,Brown,4WD,,4.5,B,In Transit
Porsche,Cayenne,2018,Petrol,3600cc  - V6 cc,Automatic,Pearl White,Gray,,,4.5,B,In Transit
Toyota,Land Cruiser,2017,Petrol,4700 - V8 cc,Automatic,Pearl White,Gray,4WD,,4.5,B,In Transit
Subaru,Forester,2016,Petrol,2000 cc,Automatic,Green,Gray,,,4.5,B,In Stock
Subaru,Forester,2016,Petrol,2000 cc,Automatic,Pearl White,Gray,,,4.5,B,In Transit
Alfa,Romeo,2016,Petrol,1500 cc,Automatic,Red,Brown,,,4.5,B,In Stock
Toyota,Land Cruiser Prado,2022,Petrol,2700cc cc,Automatic,Pearl White,Beige,4WD,,5,A,In Stock
Toyota,Land Cruiser,2017,Petrol,4700 - V8 cc,Automatic,Pearl White,Beige,4WD,,4.5,B,In Transit
Toyota,Land Cruiser,2016,Petrol,4700 - V8 cc,Automatic,Black,Brown,4WD,,4.5,B,In Transit
Toyota,Land Cruiser,2016,Petrol,4700 - V8 cc,Automatic,Pearl White,Brown,4WD,,4.5,B,In Transit
Audi,Q7,2016,Petrol,2000 cc,Automatic,Gray,Beige,,,4.5,B,In Transit
Toyota,Alphard,2016,Petrol,2400 cc,Automatic,Silver,Beige,,,4.5,B,In Transit
Toyota,Esquire,2016,Petrol,2000 cc,Automatic,Black,Gray,,,4.5,B,In Stock
Toyota,Esquire,2016,Petrol Hybrid,2000 cc,Automatic,Pearl White,Gray,,,4.5,B,In Stock
Toyota,Esquire,2016,Petrol,2000 cc,Automatic,Pearl White,Gray,,,4.5,B,In Stock
Toyota,Land Cruiser,2021,Petrol,3300 - V6 cc,Automatic,Pearl White,Beige,,,5,A,In Stock
Toyota,Premio,2016,Petrol,1800cc  - Valvematic cc,Automatic,Silver,Beige,,,4.5,B,In Stock
Bently,Flying Super,2016,Petrol,4000cc - V8 cc,Automatic,Black,Brown,,,4.5,B,Sold
Mercedes,S550,2016,Petrol,4700cc cc,Automatic,Pearl White,Gray,,,4.5,B,In Transit
Bently,Flying Super,2016,Petrol,6000 -V6 cc,Automatic,Pearl White,Brown,,,4.5,B,In Stock
Mercedes,S550,2016,Petrol,4700cc cc,Automatic,Pearl White,Gray,,,4.5,B,In Transit
Toyota,Land Cruiser,2022,Petrol,3500 - V6 cc,Automatic,Pearl White,Beige,,,5,A,Sold
Toyota,Land Cruiser,2022,Petrol,3500 - V6 cc,Automatic,Pearl White,Beige,,,5,A,In Stock
Mercedes,S400,2016,Petrol Hybrid,3500cc cc,Automatic,Pearl White,Gray,,,4.5,B,In Stock
Audi,Q7,2016,Petrol,3000cc  - TFSI cc,Automatic,Pearl White,Beige,,,4.5,B,In Transit
Bmw,X6,2016,Petrol,3000cc  cc,Automatic,Black,Gray,,,4.5,B,In Transit
Bmw,X6,2016,Petrol,3000cc cc,Automatic,Pearl White,Gray,,,4.5,B,In Transit
Lexus,Nx,2016,Petrol,2500cc - V8 cc,Automatic,Pearl White,Gray,,,4.5,B,In Stock
Mercedes,Gla,2016,Petrol,2000cc cc,Automatic,Pearl White,Gray,,,4.5,B,In Stock
Mercedes,Glc,2016,Petrol,2000cc cc,Automatic,Pearl White,Gray,,,4.5,B,Sold
Ford,Ranger,2016,Diesel,2000 - Turbo cc,Automatic,,Gray,,,5,A,In Stock
Toyota,Auris,2016,Petrol,1500cc - VVTi cc,Automatic,Black,Gray,,,4.5,B,In Stock
Lexus,Lx,2016,Petrol,5600cc - V8 cc,Automatic,Pearl White,Beige,,,4.5,B,In Stock
Peugot,,2015,Petrol,1200 cc,Automatic,Brown,Brown,,,4.5,B,In Stock
Toyota,Rav4,2016,Petrol,2400 - VVTI cc,Automatic,Pearl White,Gray,,,4.5,B,In Stock
Toyota,Axio,2015,Petrol,1500 - VVT-i cc,Automatic,Silver,Gray,,,4.5,B,In Stock
Toyota,Axio,2015,Petrol,1500 - VVT-i cc,Automatic,White,Beige,,,4.5,B,In Stock
Toyota,Axio,2015,Petrol,1500 - VVT-i cc,Automatic,White,Beige,,,4.5,B,In Stock
Toyota,Aqua,2015,Petrol Hybrid,1500 - VVT-i cc,Automatic,White,Brown,,,4.5,B,In Stock
Toyota,Axio,2015,Petrol Hybrid,1500 - VVT-i cc,Automatic,White,Beige,,,4.5,B,In Stock
Suzuki,Swift,2015,Petrol,1200 cc,Automatic,YELLOW,Gray,,,4.5,B,In Stock
Toyota,Auris,2015,Petrol,1500cc - VVTi cc,Automatic,Black,Gray,,,4.5,B,In Stock
Subaru,Wrx,2014,Petrol,2000 - STI cc,Automatic,Red,Gray,,,4.5,B,In Stock
Bmw,X5,2014,Petrol,3000 - V6 cc,Automatic,Pearl White,Beige,,,4.5,B,In Stock
Ford,Raptor,2019,Diesel,2000 cc,Automatic,Blue,Gray,,,4.5,B,In Stock
Toyota,Townace,2015,Petrol,1500 - VVT-I cc,Automatic,Silver,Gray,,,4.5,B,In Stock
Suzuki,Swift,2015,Petrol,1200 cc,Automatic,Red,Gray,,,4.5,B,In Stock
Nissan,Juke,2014,Petrol,1500 cc,Automatic,Silver,Gray,,,4.5,B,In Stock
Nissan,Advan,2014,Petrol,1500 cc,Automatic,Silver,Gray,,,4.5,B,In Stock
Toyota,Fielder,2015,Petrol Hybrid,1500 - VVT-I cc,Automatic,White,Gray,,,4.5,B,In Stock
Toyota,Fielder,2015,Petrol Hybrid,1500 - VVT-I cc,Automatic,Silver,Gray,,,4.5,B,In Stock
Toyota,Rav4,2015,Petrol,2400 - VVTI cc,Automatic,Pearl White,Gray,,,4.5,B,In Stock
Nissan,Bluebird,2015,Petrol,1800 cc,Automatic,Silver,Gray,,,4.5,B,In Stock
Toyota,Fj Cruiser,2014,Petrol,4000 -V6 cc,Automatic,Black,Gray,,,4.5,B,In Stock
Toyota,Mark X,2014,Petrol,2400 - V6 cc,Automatic,Pearl White,Beige,,,4.5,B,In Stock
Toyota,Land Cruiser,2022,Petrol,3500 - V6 cc,Automatic,Pearl White,Beige,,,5,A,In Stock
Toyota,Land Cruiser,2022,Petrol,3500 - V6 cc,Automatic,Pearl White,Beige,,,5,A,In Stock
Lexus,Lx,2016,Petrol,5700cc - V8 cc,Automatic,Black,Gray,4WD,,4.5,B,In Stock
Lexus,Lx,2016,Petrol,5700cc - V8 cc,Automatic,Black,Brown,4WD,,4.5,B,In Transit
Lexus,Lx,2016,Petrol,5700cc - V8 cc,Automatic,Black,Brown,4WD,,4.5,B,Sold
Range,Rover Vogue,2016,Petrol,3000 - V6 cc,Automatic,Silver,Gray,,,4.5,B,In Stock
Lexus,Lx,2016,Petrol,5700cc - V8 cc,Automatic,Black,Orange,4WD,,4.5,B,In Stock
Porsche,Cayenne,2018,Petrol,3000cc  - V6 cc,Automatic,Black,Beige,,,4.5,B,In Transit
Lexus,Lx,2016,Petrol,5700cc - V8 cc,Automatic,Pearl White,Orange,4WD,,4.5,B,In Stock
Lexus,Lx,2016,Petrol,5700cc - V8 cc,Automatic,Black,Orange,4WD,,4.5,B,In Stock
Lexus,Lx,2016,Petrol,5700cc - V8 cc,Automatic,Pearl White,Orange,4WD,,4.5,B,In Stock
Lexus,Lx,2016,Petrol,5700cc - V8 cc,Automatic,Pearl White,Beige,4WD,,4.5,B,In Stock
Mazda,Cx,2016,Petrol,200cc   cc,Automatic,Red,Gray,,,4.5,B,Sold
Land,Rover Discovery,2016,Petrol,3000cc  - V6 cc,Automatic,Red,Beige,,,4.5,B,In Stock
Ranger,Rover Vogue,2018,Petrol,3000cc  - V6 cc,Automatic,Black,Gray,4WD,,4.5,B,Sold
Lexus,Rx,2016,Petrol Hybrid,3500cc cc,Automatic,Black,Gray,,,4.5,B,In Transit
Volks,Wagen Beetle,2014,Petrol,1200 cc,Automatic,YELLOW,Gray,,,4.5,B,Sold
Ranger,Rover Vogue,2016,Petrol,3000cc  - V6 cc,Automatic,Gold,Gray,4WD,,4.5,B,In Stock
Ranger,Rover E Voque,2016,Petrol,2000cc cc,Automatic,Pearl White,Beige,4WD,,4.5,B,Sold
Land,Rover Discovery,2016,Petrol,3000cc  - V6 cc,Automatic,Gold,Beige,,,4.5,B,Sold
Toyota,Fielder,2016,Petrol,1800 - Valvematic cc,Automatic,Pearl White,Gray,,,4.5,B,In Stock
Toyota,Ch R,2016,Petrol,1200cc - VVT-I cc,Automatic,Pearl White,Brown,,,4.5,B,In Stock
Bmw,X5,2014,Petrol,3000 - V6 cc,Automatic,Black,Beige,,,4.5,B,In Stock
Volkswagen,Touareg,2016,Petrol,3600cc - V6 cc,Automatic,Pearl White,Gray,,,4.5,B,In Stock
Bently,Continental,2014,Petrol,4000 -V6 cc,Automatic,Gray,Orange,,,4.5,B,Sold
Toyota,Noah,2016,Petrol,2000 - Valvematic cc,Automatic,Black,Gray,,,4.5,B,In Stock
Toyota,Passo,2016,Petrol,1000 - VVT-I cc,Automatic,Pearl White,Gray,,,4.5,B,In Stock
Toyota,Vitz,2016,Petrol,1000 - VVT-I cc,Automatic,Silver,Gray,,,4.5,B,In Stock
Toyota,Land Cruiser,2019,Petrol,4600-V8 cc,Automatic,Pearl White,Gray,,,4.5,B,In Stock
Lexus,Rx,2016,Petrol,3500cc - V6 cc,Automatic,Black,Gray,,,4.5,B,In Transit
Toyota,Voxy,2016,Petrol,3500 - V6 cc,Automatic,Black,Gray,,,4.5,B,In Stock
Toyota,Hilux,2014,Diesel,2500 cc,Automatic,Brown,Gray,,,4.5,B,In Stock
Toyota,Axio,2014,Petrol,1500 cc,Automatic,Silver,Gray,,,4.5,B,In Stock
Toyota,Land Cruiser Prado,2016,Petrol,2700CC - VVTI cc,Automatic,Black,Gray,4WD,,4.5,B,In Transit
Toyota,Land Cruiser Prado,2016,Petrol,4700 - V8 cc,Automatic,Pearl White,Beige,4WD,,4.5,B,In Transit
Toyota,Land Cruiser Prado,2016,Petrol,2700CC - VVTI cc,Automatic,Pearl White,Beige,4WD,,4.5,B,In Transit
Toyota,Land Cruiser Prado,2016,Petrol,2700CC - VVTI cc,Automatic,Pearl White,Beige,4WD,,4.5,B,In Transit
Wish,,2016,Petrol,1800 - Valvematic cc,Automatic,Silver,Gray,,,4.5,B,In Transit
Wish,,2016,Petrol,1800 - Valvematic cc,Automatic,Pearl White,Gray,,,4.5,B,In Stock
Audi,Q3,2017,Petrol,1400cc  - TFSI cc,Automatic,YELLOW,Gray,,,4.5,B,In Transit
Volkswagen,Tiguan,2016,Petrol,1400cc - TSI cc,Automatic,Black,Gray,,,4.5,B,In Transit
Volkswagen,Tiguan,2016,Petrol,1400cc - TSI cc,Automatic,Pearl White,Gray,,,4.5,B,In Transit
Nissan,Note,2017,Petrol,1500 cc,Automatic,Silver,Gray,,,4.5,B,In Transit
Mazda,Axela,2017,Petrol,1500cc cc,Automatic,Brown,Gray,,,4.5,B,In Transit
Toyota,Spade,,Petrol,1500 - VVT-I cc,Automatic,Black,Gray,,,4.5,B,In Stock
Toyota,Fj Cruiser,2014,Petrol,4000 -V6 cc,Automatic,Orange,Gray,,,4.5,B,In Stock
Toyota,Harrier,2017,Petrol,2000cc  - Valvematic cc,Automatic,Black,Gray,,,4.5,B,In Transit
Toyota,Fj Cruiser,2014,Petrol,4000 -V6 cc,Automatic,Black,Gray,,,4.5,B,Sold
Toyota,Harrier,2017,Petrol,2000cc  - Valvematic cc,Automatic,Silver,Gray,,,4.5,B,In Transit
Toyota,Fj Cruiser,2014,Petrol,4000 -V6 cc,Automatic,Black,Gray,,,4.5,B,In Stock
Bmw,X5,2014,Diesel,3000 - V6 cc,Automatic,Black,Brown,,,4.5,B,In Stock
Toyota,Harrier,2017,Petrol,2000cc  - Valvematic cc,Automatic,Pearl White,Maroon,,,4.5,B,In Transit
Mazda,Cx8,2018,Diesel,2200 cc,Automatic,Blue,Beige,,,4.5,A,Sold
Mazda,Cx,2017,Diesel,2200cc   cc,Automatic,Black,Gray,,,4.5,B,In Transit
Toyota,Land Cruiser Prado,2015,Diesel,2800 cc,Automatic,Pearl White,Beige,,,5,B,In Stock
Toyota,Vitz,2016,Petrol,1500 - VVT-I cc,Automatic,Blue,Gray,,,4.5,B,In Stock
Toyota,Harrier,2017,Petrol,2000cc  - Valvematic cc,Automatic,Pearl White,Gray,,,4.5,B,In Transit
Toyota,Auris,2016,Petrol,1300cc cc,Automatic,Black,Gray,,,4.5,B,In Transit
Toyota,Harrier,2017,Petrol,2000cc  - Valvematic cc,Automatic,Pearl White,Gray,,,4.5,B,In Transit
Toyota,Land Cruiser,2016,Petrol,4700 - V8 cc,Automatic,Blue,Gray,4WD,,4.5,B,In Stock
Lexus,Lx,2016,Petrol,5700cc - V8 cc,Automatic,Pearl White,Orange,4WD,,4.5,B,In Transit
Lexus,Rx200T,2016,Petrol,2000cc cc,Automatic,Brown,Brown,,,4.5,B,In Transit
Bmw,X6,2017,Petrol,3000cc V6 cc,Automatic,Black,Gray,4WD,,4.5,B,In Transit
Lexus,Lx,2016,Petrol,5700 cc,Automatic,Black,Brown,4WD,,4.5,B,In Transit
Bmw,X6,2016,Petrol,3000cc V6 cc,Automatic,Black,Beige,4WD,,4.5,B,In Transit
Mercedes,S560,2017,Petrol,3000cc cc,Automatic,Black,Beige,,,4.5,B,In Transit
Toyota,Land Cruiser Prado,2023,Petrol,2700cc cc,Automatic,Bronze,Beige,4WD,,5,A,Sold
Toyota,Land Cruiser Prado,2022,Diesel,2800cc cc,Automatic,Black,Gray,4WD,,4.5,B,In Stock
Toyota,Hilux,2017,Diesel,2400cc  cc,Automatic,Pearl White,Gray,,,4.5,B,In Transit
Bmw,X6,2017,Petrol,3000cc V6 cc,Automatic,Pearl White,Red,4WD,,4.5,B,In Transit
Toyota,Premio,2018,Petrol,2000cc  - Valvematic cc,Automatic,Silver,Gray,,,4.5,B,In Transit
Toyota,Vitz,2016,Petrol,1300cc cc,Automatic,Blue,Gray,,,4.5,B,In Stock
Lexus,Lx,2016,Petrol,5700 cc,Automatic,Black,Gray,4WD,,4.5,B,In Transit
Toyota,Harrier,2016,Petrol,2000cc  - Valvematic cc,Automatic,Black,Gray,,,4.5,B,In Transit
Toyota,Harrier,2016,Petrol,2000cc  - Valvematic cc,Automatic,Black,Gray,,,4.5,B,In Transit
Toyota,Harrier,2016,Petrol,2000cc  - Valvematic cc,Automatic,Black,Gray,,,4.5,B,In Transit
Toyota,Raize,2019,Petrol,1000cc VVT-I cc,Automatic,Red,Gray,,,4.5,B,In Transit
Honda,Crv,2019,Petrol,2000cc  cc,Automatic,Black,Gray,,,4.5,B,In Transit
Toyota,Fj Cruiser,2013,Petrol,4000 -V6 cc,Automatic,Orange,Gray,,,4.5,B,In Stock
Subaru,Forester,2014,Petrol,2000 - XT cc,Automatic,Pearl White,Gray,,,4.5,B,In Stock
Toyota,Premio,2013,Petrol,1800 cc,Automatic,Maroon,Beige,,,4.5,B,In Stock
Volkswagen,Passat,2016,Petrol,3600cc - V6 cc,Automatic,Pearl White,Beige,,,4.5,B,In Transit
Toyota,Vitz,2014,Petrol,1000 - VVT-I cc,Automatic,Silver,Beige,,,4.5,B,In Stock
Toyota,Vellfire,2016,Petrol,3500 - V6 cc,Automatic,Pearl White,Gray,,,4.5,B,In Transit
Toyota,Fielder,2016,Petrol,1500cc - VVT-I cc,Automatic,Black,Gray,,,4.5,B,In Stock
Toyota,Vellfire,2016,Petrol,3500 - V6 cc,Automatic,Black,Gray,,,4.5,B,In Transit
Toyota,Vitz,2016,Petrol,1300cc cc,Automatic,Black,Gray,,,4.5,B,In Stock
Toyota,Vellfire,2016,Petrol,3500 - V6 cc,Automatic,Black,Gray,,,4.5,B,In Transit
Nissan,Advan,2014,Petrol,,Automatic,Pearl White,Gray,,,4.5,B,In Stock
Toyota,Premio,2017,Petrol,2000cc  - Valvematic cc,Automatic,Silver,Beige,,,4.5,B,In Transit
Mercedes,S550,2016,Petrol,4700cc cc,Automatic,Silver,Gray,,,4.5,B,In Transit
Nissan,Latio,2014,Petrol,1200 cc,Automatic,Silver,Gray,,,4.5,B,In Stock
Toyota,Premio,2016,,1500cc - VVT-I cc,Automatic,Red Wine,Beige,,,4.5,B,In Stock
Toyota,Land Cruiser,2021,Diesel,3300-V6 cc,Automatic,Gray,Beige,4WD,,4.5,B,In Transit
Toyota,Axio,2014,Petrol,1500 cc,Automatic,Silver,Beige,,,4.5,B,In Stock
Toyota,Axio,2014,Petrol,1500 cc,Automatic,Gold,Gray,,,4.5,B,In Stock
Subaru,Xv,2017,Petrol,,Automatic,Silver,Gray,,,4.5,B,In Transit
Mercedes,Gle,2020,Diesel,3000cc cc,Automatic,Gray,"Gray, Red",,,4.5,B,
Toyota,Axio,2014,Petrol,1500 cc,Automatic,Pearl White,Beige,,,4.5,B,In Stock
Toyota,Rav,2017,Petrol,2200cc - VVT-I  cc,Automatic,Gray,Gray,,,4.5,B,In Transit
Nissan,Juke,2014,Petrol,1500 cc,Automatic,Silver,Gray,,,4.5,B,In Stock
Toyota,Passo,2016,Petrol,1000 - VVT-I cc,Automatic,YELLOW,Beige,,,4.5,B,In Stock
Mercedes,Glc,2016,Petrol,2000cc cc,Automatic,Black,Gray,4WD,,4.5,B,In Stock
Range,Rover Vogue,2013,Diesel,3000 - V6 cc,Automatic,Silver,Beige,,,4.5,B,In Stock
Mazda,Cx,2017,Diesel,2200cc   cc,Automatic,Red,Gray,,,4.5,B,In Transit
Toyota,Passo,2016,Petrol,1000 - VVT-I cc,Automatic,Pearl White,Beige,,,4.5,B,In Stock
Mazda,Axela,2017,Petrol,1200cc cc,Automatic,Gray,Gray,,,4.5,B,In Transit
Nissan,Note,2017,Petrol,1500 cc,Automatic,Silver,Gray,,,4.5,B,In Transit
Toyota,Land Cruiser,2016,Petrol,4700-V8 cc,Automatic,Silver,Brown,,,4.5,B,In Stock
Toyota,Land Cruiser,2017,Petrol,4700-V8 cc,Automatic,Pearl White,Brown,4WD,,4.5,B,In Transit
Mazda,Demio,2017,Petrol,1200cc cc,Automatic,Blue,Gray,,,4.5,B,In Transit
Toyota,Land Cruiser,2016,Petrol,4700-V8 cc,Automatic,Black,Gray,4WD,,4.5,B,In Transit
Mitsubishi,Pajero,2015,Petrol,3200cc cc,Automatic,Pearl White,Gray,,,4.5,B,
Toyota,Land Cruiser,2016,Petrol,4700-v8   cc,Automatic,Pearl White,Gray,,,4.5,B,In Stock
Nissan,Note,2017,Petrol,1200cc cc,Automatic,Maroon,Gray,,,4.5,B,In Transit
Lexus,Lx,2017,Petrol,5700 cc,Automatic,Black,Gray,4WD,,4.5,B,In Transit
Toyota,Hilux,2018,Diesel,2400cc  cc,Automatic,Black,Gray,4WD,,4.5,B,In Transit
Toyota,Land Cruiser,2017,Petrol,4700-V8 cc,Automatic,Pearl White,Beige,4WD,,4.5,B,In Transit
Toyota,Land Cruiser,2017,Petrol,4700-V8 cc,Automatic,Pearl White,Gray,4WD,,4.5,B,In Transit
Toyota,Land Cruiser,2017,Petrol,4700-V8 cc,Automatic,Pearl White,Gray,4WD,,4.5,B,In Transit
Volkswagen,Touareg,2016,Petrol,3600cc - V6 cc,Automatic,Pearl White,Gray,,,4.5,B,In Transit
Toyota,F J Cruiser,2013,Petrol,4000 cc,Automatic,Blue,Gray,,,4.5,B,In Stock
Toyota,Harrier,2016,Petrol,2000cc  - Valvematic cc,Automatic,Black,Gray,,,4.5,B,In Transit
Toyota,Vitz,2013,Petrol,1300 cc,Automatic,White,Beige,,,4.5,B,In Transit
Toyota,Land Cruiser,2019,Petrol,2700cc - VVT-I cc,Automatic,Black,Beige,,,4.5,B,In Transit
Lexus,Rx200T,2017,Petrol,2000 cc,Automatic,Pearl White,Red,AWD,,4.5,B,In Transit
Lexus,Rx200T,2016,Petrol,2000 cc,Automatic,Black,Brown,AWD,,4.5,B,In Transit
Lexus,Lx,2017,Petrol,5700 cc,Automatic,Pearl White,Gray,4WD,,4.5,B,In Transit
Lexus,Nx200T,2017,Petrol,2000 cc,Automatic,Pearl White,Gray,AWD,,4.5,B,In Transit
Mazda,Demio,2017,Petrol,1200cc cc,Automatic,Silver,Gray,,,4.5,B,In Transit
Mercedes,S400,2014,Petrol,3500 cc,Automatic,Gray,Brown,,,4.5,B,In Transit
Daihatsu,Mira,2017,Petrol,650cc cc,Automatic,White,Beige,FWD,,4.5,,In Stock
Toyota,Land Cruiser,2016,Petrol,4600-V8 cc,Automatic,Pearl White,,,,4.5,A,In Transit
Nissan,Nv,2016,Petrol,1200cc cc,Automatic,White,Gray,,,4.5,B,In Stock
Toyota,Vitz,2013,Petrol,1300 cc,Automatic,Pearl White,Gray,,,4.5,,In Transit
Volkswagen,Golf,2017,Petrol,1400cc  - TSI cc,Automatic,Silver,Gray,,,4.5,B,In Transit
Nissan,Note,2017,Petrol,1200cc cc,Automatic,Blue,Gray,,,4.5,B,In Transit
Lexus,Lx,2016,Petrol,5600 cc,Automatic,Pearl White,Gray,,,4.5,B,In Transit
Toyota,Land Cruiser,2016,,4700cc  - V8 cc,Automatic,Pearl White,Gray,4WD,,4.5,B,In Transit
Nissan,Note,2017,Petrol,1200cc cc,Automatic,Pearl White,Gray,,,4.5,B,In Transit
Mercedes,C200,2017,Petrol,2000cc cc,Automatic,Silver,Gray,,,4.5,B,In Transit
Toyota,Land Cruiser Prado,2018,Petrol,2700cc  - VVT-I cc,Automatic,Pearl White,Brown,,,4.5,B,In Transit
Toyota,Land Cruiser,2023,Diesel,4700cc  - V6 cc,Automatic,Pearl White,Beige,4WD,,5,A,In Transit
Toyota,Land Cruiser Prado,2017,Petrol,2700cc  - VVT-I cc,Automatic,Black,Brown,,,4.5,B,In Transit
Toyota,Hilux,2017,Diesel,2700cc  - VVT-I cc,Automatic,White,Gray,,,4.5,B,In Transit
Subaru,Forester,2019,Petrol,,Automatic,Blue,Gray,,,4.5,B,In Transit
Nissan,Note,2017,Petrol,1500 cc,Automatic,Silver,Gray,,,4.5,B,In Transit
Ranger,Rover Vogue,2016,Petrol,3000cc  - V6 cc,Automatic,Black,Gray,4WD,,4.5,B,In Transit
Mercedes,Glc,2017,Petrol,2000cc cc,Automatic,Blue,Gray,,,4.5,B,In Transit
Nissan,Cube,2013,Petrol,1500 cc,Automatic,Pink,Beige,,,4.5,B,In Transit
Mercedes,Gle,2017,Diesel,3500cc cc,Automatic,Pearl White,Gray,,,4.5,B,In Transit
Toyota,Land Cruiser Prado,2017,Petrol,2700cc  - VVT-I cc,Automatic,Black,Gray,,,4.5,B,In Transit
Toyota,Land Cruiser Prado,2018,Diesel,2700cc  - VVT-I cc,Automatic,Pearl White,Beige,,,4.5,B,In Transit
Toyota,Land Cruiser Prado,2018,Diesel,2700cc  - VVT-I cc,Automatic,Pearl White,Beige,,,4.5,B,In Transit
Toyota,Vellfire,2017,Petrol,2400 cc,Automatic,Black,Gray,,,4.5,B,
Lexus,Lx,2017,Petrol,3500cc  - V6 cc,Automatic,Pearl White,Orange,,,4.5,B,In Transit
Ranger,Rover Vogue,2016,,3000cc  - V6 cc,Automatic,Pearl White,Beige,4WD,,4.5,B,In Transit
Toyota,Lexus Lx,2018,Petrol,3500cc  - V6 cc,Automatic,Gray,Orange,4WD,,4.5,B,In Transit
Mitsubishi,Canter,2013,Diesel,3000 cc,Automatic,White,Gray,,,4.5,B,
Toyota,Lexus Lx,2018,Petrol,3500cc  - V6 cc,Automatic,Black,Orange,4WD,,4.5,B,In Transit
Toyota,Lexus Lx,2023,Diesel,3500cc  - V6 cc,Automatic,Gray,Red,4WD,,5,A,In Transit
Toyota,Land Cruiser Prado,2017,Petrol,2700cc  - VVT-I cc,Automatic,Pearl White,Beige,4WD,,4.5,B,In Transit
Toyota,Land Cruiser Prado,2018,Petrol,2700cc  - VVT-I cc,Automatic,Black,Beige,4WD,,4.5,B,In Transit
Toyota,Premio,2017,Petrol,2000cc  - Valvematic cc,Automatic,Silver,Beige,,,4.5,B,In Transit
Subaru,Outback,2016,Petrol,,Automatic,Gold,Gray,AWD,,4.5,B,In Transit
Toyota,Lexus Lx,2022,Petrol,3500cc  - V6 cc,Automatic,Pearl White,Beige,4WD,,5,A,In Transit
Toyota,Land Cruiser,2021,Petrol,4600cc  - V8 cc,Automatic,Gray,Brown,,,4.5,B,In Transit
Ranger,Rover Vogue,2016,,3000cc  - V6 cc,Automatic,Silver Metallic,Gray,,,4.5,B,In Stock
Land,Rover Discovery,2016,Petrol,3000cc  - V6 cc,Automatic,Red Wine,Beige,,,4.5,B,In Stock
Subaru,Impreza,2016,Petrol,,Automatic,Blue,Gray,,,4.5,B,
Subaru,Outback,2016,Petrol,,Automatic,Pearl White,Gray,AWD,,4.5,B,
Toyota,Harrier,2016,Petrol,2000cc  - Valvematic cc,Automatic,Pearl White,Gray,,,4.5,B,
Toyota,Harrier,2016,Petrol,2000cc  - Valvematic cc,Automatic,Black,Gray,,,4.5,B,
Toyota,Lexus Lx,2022,Petrol,3500cc  - V6 cc,Automatic,Black,Brown,4WD,,5,A,In Transit
Toyota,Lexus Lx,2022,Petrol,3500cc  - V6 cc,Automatic,Silver Metallic,Orange,4WD,,5,A,In Transit
Toyota,Land Cruiser,2021,Petrol,4700cc  - V8 cc,Automatic,Obsidian Black Metallic,Brown,4WD,,4.5,B,In Transit
Volkswagen,Golf,2021,Petrol,1400cc  - TSI cc,Automatic,Pearl White,Gray,,,4.5,B,In Transit
Toyota,Lexus Lx,2017,Petrol,5700cc  - V8 cc,Automatic,Pearl White,Orange,4WD,,4.5,B,In Transit
Volks,,2012,Diesel,3000 cc,Automatic,Blue,Gray,4WD,,4.5,B,
Toyota,Lexus Lx,2017,Petrol,3600cc  - V6 cc,Automatic,Pearl White,Beige,4WD,,4.5,B,In Transit
Toyota,Lexus Lx,2017,Petrol,4600cc  - V8 cc,Automatic,Gold,Brown,4WD,,4.5,B,In Transit
Toyota,Land Cruiser,2023,Diesel,4700cc  - V6 cc,Automatic,Black,Gray,4WD,,"5, 4.5",A,In Transit
Toyota,Land Cruiser,2017,Petrol,4700cc  - V8 cc,Automatic,White,Gray,4WD,,4.5,B,In Transit
Toyota,Land Cruiser,2021,Petrol,4700cc  - V8 cc,Automatic,White,Beige,4WD,,4.5,B,In Transit
Mercedes,Sglc,2017,Petrol,2000cc cc,Automatic,Pearl White,Gray,,,4.5,B,In Transit
Mercedes,Sglc,2017,Petrol,2000cc cc,Automatic,Black,Gray,,,4.5,B,In Transit
Mercedes,S550,2017,Petrol,4600cc cc,Automatic,Black,"Black, Gray",,,4.5,B,In Stock
Toyota,Land Cruiser,2021,Petrol,4700cc  - V8 cc,Automatic,Obsidian Black Metallic,Brown,4WD,,4.5,B,In Transit
Toyota,Land Cruiser,2021,Petrol,4700cc  - TSI cc,Automatic,Obsidian Black Metallic,Gray,4WD,,,,In Transit
Volkswagen,Golf,2021,Petrol,1400cc  - TSI cc,Automatic,Black,Gray,,,,,In Transit
Volkswagen,Golf,2021,Petrol,1400cc  - TSI cc,Automatic,Blue,Gray,,,,,In Transit
Subaru,Outback,2017,Petrol,2500cc cc,Automatic,Pearl White,Gray,AWD,,4.5,B,In Transit
